name	version	origin	license	url	commit
alpine-baselayout	3.6.8-r1	alpine-baselayout	GPL-2.0-only	https://git.alpinelinux.org/cgit/aports/tree/main/alpine-baselayout	5f0cd7890349e7fe11128478ac506c709805224d
alpine-baselayout-data	3.6.8-r1	alpine-baselayout	GPL-2.0-only	https://git.alpinelinux.org/cgit/aports/tree/main/alpine-baselayout	5f0cd7890349e7fe11128478ac506c709805224d
alpine-keys	2.5-r0	alpine-keys	MIT	https://alpinelinux.org	6d473fb38effb2389f567b29fb7eb27039b3a279
alpine-release	3.21.3-r0	alpine-base	MIT	https://alpinelinux.org	899c70c801638ce9aea29a822aaa07a1488efa15
apk-tools	2.14.6-r3	apk-tools	GPL-2.0-only	https://gitlab.alpinelinux.org/alpine/apk-tools	41847d6ccff08940b5bf1ba0d6005e95897039f9
busybox	1.37.0-r12	busybox	GPL-2.0-only	https://busybox.net/	9c49608930ef6a9936750e9e39edec56b3db9cd5
busybox-binsh	1.37.0-r12	busybox	GPL-2.0-only	https://busybox.net/	9c49608930ef6a9936750e9e39edec56b3db9cd5
ca-certificates-bundle	20241121-r1	ca-certificates	MPL-2.0 AND MIT	https://www.mozilla.org/en-US/about/governance/policies/security-group/certs/	707ff77afebd8ef5bd60f3a5dd1b08f8c480f531
libcrypto3	3.3.3-r0	openssl	Apache-2.0	https://www.openssl.org/	ddbf4a43b534e1e2da4ccb72bdc4ffcd9b85ce03
libssl3	3.3.3-r0	openssl	Apache-2.0	https://www.openssl.org/	ddbf4a43b534e1e2da4ccb72bdc4ffcd9b85ce03
musl	1.2.5-r9	musl	MIT	https://musl.libc.org/	efd4d5df7be0ea48d98512671f676fc5ceb14899
musl-utils	1.2.5-r9	musl	MIT AND BSD-2-Clause AND GPL-2.0-or-later	https://musl.libc.org/	efd4d5df7be0ea48d98512671f676fc5ceb14899
scanelf	1.3.8-r1	pax-utils	GPL-2.0-only	https://wiki.gentoo.org/wiki/Hardened/PaX_Utilities	398a5aee3025ec8a4d0d761e448dc86ac777fa09
ssl_client	1.37.0-r12	busybox	GPL-2.0-only	https://busybox.net/	9c49608930ef6a9936750e9e39edec56b3db9cd5
zlib	1.3.1-r2	zlib	Zlib	https://zlib.net/	4c2722e7ecc1c5e3ba882429044a101497121223
